<?xml version="1.0" encoding="UTF-8"?>
<project-private xmlns="http://www.netbeans.org/ns/project-private/1">
    <editor-bookmarks xmlns="http://www.netbeans.org/ns/editor-bookmarks/2" lastBookmarkId="0"/>
    <open-files xmlns="http://www.netbeans.org/ns/projectui-open-files/2">
        <group>
            <file>file:/C:/Users/lucib/OneDrive/Documentos/Uni/2nd/POO1/Ejercicio%201/src/ejercicio/pkg1/Carro.java</file>
            <file>file:/C:/Users/lucib/OneDrive/Documentos/Uni/2nd/POO1/Ejercicio%201/src/ejercicio/pkg1/InterfazCarro.java</file>
            <file>file:/C:/Users/lucib/OneDrive/Documentos/Uni/2nd/POO1/Ejercicio%201/src/ejercicio/pkg1/MenuCarro.java</file>
            <file>file:/C:/Users/lucib/OneDrive/Documentos/Uni/2nd/POO1/Ejercicio%201/src/ejercicio/ListarCarros.java</file>
            <file>file:/C:/Users/lucib/OneDrive/Documentos/Uni/2nd/POO1/Ejercicio%201/src/ejercicio/pkg1/Ejercicio1.java</file>
        </group>
    </open-files>
</project-private>
